job_id,arrival_time,runtime,cpu_demand,mem_demand,priority,deadline_time,scenario_id
0,0.0,1348139469.0,0.0625,0.09277,1,2359244070.75,google_cluster_real_slice
1,0.0,1464761105.0,0.1594,0.02097,0,2929522210.0,google_cluster_real_slice
2,0.0,1418359366.0,0.1156,0.02097,0,2836718732.0,google_cluster_real_slice
3,0.0,1221815375.0,0.1156,0.02097,0,2443630750.0,google_cluster_real_slice
4,0.0,617869200.0,0.01562,0.01553,0,1235738400.0,google_cluster_real_slice
5,0.0,621639003.0,0.01562,0.01553,0,1243278006.0,google_cluster_real_slice
6,0.0,600819256.0,0.01562,0.01553,0,1201638512.0,google_cluster_real_slice
7,0.0,613709443.0,0.01562,0.01553,0,1227418886.0,google_cluster_real_slice
8,0.0,612883365.0,0.01562,0.01553,0,1225766730.0,google_cluster_real_slice
9,0.0,610633092.0,0.01562,0.01553,0,1221266184.0,google_cluster_real_slice
10,0.0,603308624.0,0.01562,0.01553,0,1206617248.0,google_cluster_real_slice
11,0.0,605587630.0,0.01562,0.01553,0,1211175260.0,google_cluster_real_slice
12,0.0,613709865.0,0.01562,0.01553,0,1227419730.0,google_cluster_real_slice
13,0.0,604046489.0,0.01562,0.01553,0,1208092978.0,google_cluster_real_slice
14,0.0,604046576.0,0.01562,0.01553,0,1208093152.0,google_cluster_real_slice
15,0.0,704660493.0,0.01562,0.01553,0,1409320986.0,google_cluster_real_slice
16,0.0,612883353.0,0.01562,0.01553,0,1225766706.0,google_cluster_real_slice
17,0.0,620934393.0,0.01562,0.01553,0,1241868786.0,google_cluster_real_slice
18,0.0,609855481.0,0.01562,0.01553,0,1219710962.0,google_cluster_real_slice
19,0.0,608963338.0,0.01562,0.01553,0,1217926676.0,google_cluster_real_slice
20,0.0,628470658.0,0.01562,0.01553,0,1256941316.0,google_cluster_real_slice
21,0.0,610633242.0,0.01562,0.01553,0,1221266484.0,google_cluster_real_slice
22,0.0,604046477.0,0.01562,0.01553,0,1208092954.0,google_cluster_real_slice
23,0.0,618629604.0,0.01562,0.01553,0,1237259208.0,google_cluster_real_slice
24,0.0,632499857.0,0.01562,0.01553,0,1264999714.0,google_cluster_real_slice
