tasks,seed,algo,mean_return,deadline_misses,mean_wait,mean_energy
25,0,dqn,-23.829576,0.0,0.0,0.212469
25,0,decima_style,-23.719697,1.0,609260719.0,0.212469
25,0,deeprm_pg,-24.134056,5.0,1608741999.833333,0.212469
25,0,ppo,-1.475069,14.0,4688881938.5625,0.215382
25,0,a2c,-1.657676,15.0,5339519101.25,0.215382
25,0,hybrid_role_based_marl,-1.654601,15.0,5347584818.25,0.215382
25,1,decima_style,-23.990936,4.0,1234868425.2,0.212469
25,1,dqn,-24.200171,6.0,1825002911.571429,0.212469
25,1,ppo,-24.234832,5.0,2254151126.142857,0.219128
25,1,deeprm_pg,-24.828695,11.0,3712860998.461538,0.216055
25,1,a2c,-1.544076,14.0,5210030486.1875,0.215382
25,1,hybrid_role_based_marl,-1.654409,15.0,5341225300.0,0.215382
25,2,decima_style,-23.802853,0.0,0.0,0.259081
25,2,a2c,-23.718013,0.0,306441676.5,0.212469
25,2,ppo,-24.230698,6.0,1895791672.0,0.212469
25,2,dqn,-24.65103,10.0,3109426165.818182,0.212469
25,2,deeprm_pg,-24.586444,8.0,3394575711.4,0.21713
25,2,hybrid_role_based_marl,-1.654793,15.0,5334764787.0625,0.215382
25,3,deeprm_pg,-23.792903,1.0,309314802.0,0.212469
25,3,dqn,-24.456716,7.0,2937555029.777777,0.217648
25,3,decima_style,-24.997388,13.0,4326955951.8,0.212469
25,3,ppo,-1.487538,14.0,5120713931.4375,0.215382
25,3,a2c,-1.544076,14.0,5203742116.375,0.215382
25,3,hybrid_role_based_marl,-1.654535,15.0,5334604801.5625,0.215382
25,4,decima_style,-23.826714,0.0,0.0,0.212469
25,4,ppo,-23.81277,1.0,861799559.0,0.228006
25,4,dqn,-24.03637,4.0,1589446456.166667,0.212469
25,4,deeprm_pg,-24.923271,12.0,4066058024.285715,0.212469
25,4,a2c,-1.547152,14.0,5218866163.8125,0.215382
25,4,hybrid_role_based_marl,-1.654601,15.0,5341382531.25,0.215382
50,0,ppo,-23.679452,0.0,345616414.5,0.246032
50,0,decima_style,-23.735703,3.0,1054738999.75,0.226788
50,0,dqn,-24.060325,2.0,1319711556.0,0.219729
50,0,deeprm_pg,-24.865171,9.0,4511507949.1,0.217503
50,0,hybrid_role_based_marl,-1.375094,15.0,6047794066.875,0.221444
50,0,a2c,-1.579469,15.0,6629792372.0625,0.221444
50,1,ppo,-23.866243,1.0,857968196.333333,0.228838
50,1,decima_style,-23.877855,4.0,1300845690.4,0.224382
50,1,dqn,-24.86017,12.0,5257939207.307693,0.220785
50,1,hybrid_role_based_marl,-1.375087,15.0,6056246814.875,0.221444
50,1,deeprm_pg,-1.51928,14.0,6237488066.5625,0.221444
50,1,a2c,-1.668837,14.0,6558241851.8125,0.221444
50,2,ppo,-24.199251,6.0,2258508162.857143,0.221023
50,2,decima_style,-24.485864,7.0,3242112471.5,0.226502
50,2,dqn,-24.779276,10.0,4992059816.666667,0.218271
50,2,hybrid_role_based_marl,-1.375093,15.0,6048028026.9375,0.221444
50,2,a2c,-1.58508,15.0,6411154654.5,0.221444
50,2,deeprm_pg,-1.674578,14.0,6641371264.6875,0.221444
50,3,decima_style,-23.648858,0.0,0.0,0.208
50,3,deeprm_pg,-23.954019,2.0,1074289914.0,0.236896
50,3,dqn,-24.352704,5.0,2884586541.142857,0.220938
50,3,hybrid_role_based_marl,-1.382468,15.0,6050238208.75,0.221444
50,3,ppo,-1.545714,14.0,6101138378.8125,0.221444
50,3,a2c,-1.536719,15.0,6206892116.5625,0.221444
50,4,decima_style,-23.657969,0.0,0.0,0.23425
50,4,a2c,-23.687325,0.0,362479452.0,0.229128
50,4,ppo,-24.085751,3.0,1772588806.8,0.218738
50,4,dqn,-23.868045,5.0,1842249678.5,0.215125
50,4,deeprm_pg,-25.202149,13.0,5060433613.5,0.217841
50,4,hybrid_role_based_marl,-1.375093,15.0,6048323216.125,0.221444
100,0,decima_style,-24.309628,1.0,1290356945.666667,0.239702
100,0,ppo,-24.430196,2.0,1487583295.333333,0.267515
100,0,dqn,-24.612554,4.0,2532937045.8,0.242395
100,0,deeprm_pg,-24.539623,5.0,3077090944.5,0.290981
100,0,hybrid_role_based_marl,-1.844255,14.0,9326221197.0625,0.272291
100,0,a2c,-2.21096,15.0,10100700351.1875,0.272291
100,1,dqn,-24.437407,3.0,2134290276.0,0.286241
100,1,decima_style,-24.120479,3.0,2140373262.4,0.291682
100,1,a2c,-25.522906,10.0,7285748624.909091,0.273535
100,1,deeprm_pg,-25.722224,12.0,7786536426.769231,0.254033
100,1,hybrid_role_based_marl,-1.866893,15.0,9281546669.1875,0.272291
100,1,ppo,-2.19013,15.0,9945905002.125,0.272291
100,2,a2c,-23.846894,0.0,0.0,0.50813
100,2,ppo,-24.019479,1.0,886771999.333333,0.260034
100,2,decima_style,-24.417637,2.0,2166062322.5,0.23608
100,2,deeprm_pg,-25.391471,11.0,7881282886.0,0.286742
100,2,dqn,-25.871568,11.0,8042090829.25,0.244128
100,2,hybrid_role_based_marl,-1.867408,15.0,9304100003.125,0.272291
100,3,decima_style,-24.095927,0.0,0.0,0.234514
100,3,deeprm_pg,-24.543077,3.0,2163794300.75,0.240463
100,3,dqn,-25.160465,7.0,4974882946.625,0.258148
100,3,hybrid_role_based_marl,-1.866792,15.0,9272300869.1875,0.272291
100,3,a2c,-1.971125,14.0,9481486648.625,0.272291
100,3,ppo,-2.247935,15.0,9965045587.25,0.272291
100,4,decima_style,-24.160988,0.0,0.0,0.234982
100,4,a2c,-24.180487,1.0,730110276.0,0.238621
100,4,ppo,-24.32402,2.0,2220939445.25,0.261165
100,4,dqn,-24.854653,5.0,3368917947.0,0.230874
100,4,deeprm_pg,-25.643756,10.0,6428810939.181819,0.263673
100,4,hybrid_role_based_marl,-1.879117,15.0,9326836337.1875,0.272291
